<?xml version="1.0"?>
<configuration scan="true" scanPeriod="60 seconds">
	
	<if condition='property("HOSTNAME").contains("fawkes")'>
    <then>
      <appender name="CON" class="ch.qos.logback.core.ConsoleAppender">
        <encoder>
          <pattern>%d %-5level %logger{35} - %msg %n</pattern>
        </encoder>
      </appender>
      <root>
        <appender-ref ref="CON" />
      </root>
    </then>
  </if>

	<appender name="STDOUT" class="ch.qos.logback.core.ConsoleAppender">
		<!-- encoders are assigned the type
         ch.qos.logback.classic.encoder.PatternLayoutEncoder by default -->
		<encoder>
			<pattern>%d{HH:mm:ss.SSS} [%thread] %-5level %logger{36} - %msg%n</pattern>
		</encoder>
	</appender>
	<appender name="FILE" class="ch.qos.logback.core.rolling.RollingFileAppender">
		<!-- Support multiple-JVM writing to the same log file -->
		<prudent>true</prudent>
		<rollingPolicy class="ch.qos.logback.core.rolling.TimeBasedRollingPolicy">
			<fileNamePattern>logFile.%d{yyyy-MM-dd}.log</fileNamePattern>
			<maxHistory>30</maxHistory>
		</rollingPolicy>
		<encoder>
			<pattern>%-4relative [%thread] %-5level %logger{35} - %msg%n</pattern>
		</encoder>
	</appender>
	<root level="DEBUG">
		<appender-ref ref="STDOUT"/>
	</root>
</configuration>
