{"guid":"e3cd6c3e-359a-4b59-9b58-6d9380b56708","time":1396019072318,"entries":[{"time":1396017475000,"hash":"1a427457d34769877cc7373124e6f5e","file":"\/dbmigrate.sh","type":"NEW","size":372},{"time":1396017475000,"hash":"","file":"\/jars","type":"DIRECTORY","size":0},{"time":1396017475000,"hash":"e47ef8e1a0c11ee7e41704816cda890","file":"\/jars\/commons-codec-1.7.jar","type":"NEW","size":259600},{"time":1396017475000,"hash":"bf689fc59816317d37a457dd4e3c91b1","file":"\/jars\/json-smart-1.1.jar","type":"NEW","size":51661},{"time":1396017475000,"hash":"70d9b875cbcf1179e08fc9f3afd7f","file":"\/jars\/logback-classic-1.0.9.jar","type":"NEW","size":252681},{"time":1396017475000,"hash":"85ddd7532ff5312ec8261640e974da","file":"\/jars\/logback-core-1.0.9.jar","type":"NEW","size":366463},{"time":1396017475000,"hash":"65546c885e83ba36f1f4d9ff9f8c776","file":"\/jars\/netty-3.6.2.Final.jar","type":"NEW","size":1199572},{"time":1396019071000,"hash":"bc58c9da452e966aa81a8f3578c64446","file":"\/jars\/ntp-scheduler-0.9-src.jar","type":"NEW","size":75263},{"time":1396019071000,"hash":"7cd32fa06542113e872b36edb351adc","file":"\/jars\/ntp-scheduler-0.9.jar","type":"NEW","size":119945},{"time":1396017475000,"hash":"c78c5868b1d4de41c251c71e76f02ef7","file":"\/jars\/ostermillerutils-1.08.02.jar","type":"NEW","size":277657},{"time":1396017475000,"hash":"a083873c79c0494cb67f7c521171bc12","file":"\/jars\/postgresql-9.2-1002.jdbc4.jar","type":"NEW","size":579785},{"time":1396017475000,"hash":"5bcc2d8dd07f89123bb42b2828054fb","file":"\/jars\/quartz-all-2.1.6.jar","type":"NEW","size":578548},{"time":1396017475000,"hash":"b674a7294afe29dad5841433899b68","file":"\/jars\/slf4j-api-1.7.2.jar","type":"NEW","size":26083},{"time":1396017475000,"hash":"","file":"\/logs","type":"DIRECTORY","size":0},{"time":1396017475000,"hash":"","file":"\/properties","type":"DIRECTORY","size":0},{"time":1396017475000,"hash":"fc1494b3ecff16c697115131b8f74561","file":"\/properties\/logback-debug.xml","type":"NEW","size":1269},{"time":1396017475000,"hash":"9eb32f906e1c29a02fce93141d325528","file":"\/properties\/logback.xml","type":"NEW","size":1266},{"time":1396017475000,"hash":"af2965f04b5372ce7e7da996af3d4cf","file":"\/properties\/main-linux.properties","type":"NEW","size":82},{"time":1396017475000,"hash":"41f44a96bb8f75ff3633b82d834c443b","file":"\/properties\/main-windows.properties","type":"NEW","size":78},{"time":1396019071000,"hash":"43a2ca262a69139c8461d0dd6360e1d4","file":"\/properties\/main.properties","type":"NEW","size":120},{"time":1396017475000,"hash":"956145c527c7d986adea92aea082e5","file":"\/start-server.bat","type":"NEW","size":362},{"time":1396017475000,"hash":"a56598338fff36ff6672d7bd7e76cc98","file":"\/start-server.sh","type":"NEW","size":364},{"time":1396017475000,"hash":"","file":"\/static_content","type":"DIRECTORY","size":0},{"time":1396017475000,"hash":"ad3bc733f566edcc1c8219acae69f41a","file":"\/static_content\/application.js","type":"NEW","size":1489},{"time":1396017475000,"hash":"7415b46bc473513199e259126e125","file":"\/static_content\/application2.js","type":"NEW","size":292},{"time":1396017475000,"hash":"dd4949952315b3b9308de971d269ca","file":"\/static_content\/applicationSearch.js","type":"NEW","size":965},{"time":1396017475000,"hash":"b7f2f51b2ce44738422fa9dc1696110","file":"\/static_content\/class-update.html","type":"NEW","size":919},{"time":1396017475000,"hash":"40ad04753baef99f925dfd1638ddc1","file":"\/static_content\/header-admin.html","type":"NEW","size":743},{"time":1396017475000,"hash":"98e241abab442a4a2123afaed505bce","file":"\/static_content\/header-search.html","type":"NEW","size":624},{"time":1396017475000,"hash":"dd9dc797648423868ae19e0df24dab0","file":"\/static_content\/header-stylesheet.css","type":"NEW","size":368},{"time":1396017475000,"hash":"1eb0ceefab273037caf7a488c0a165","file":"\/static_content\/index-admin.html","type":"NEW","size":680},{"time":1396017475000,"hash":"221e8a323dae91ee669ac54dec7263e","file":"\/static_content\/index-search.html","type":"NEW","size":681},{"time":1396017475000,"hash":"397754ba49e9e0cf4e7c19da78dda5","file":"\/static_content\/jquery-1.9.1.min.js","type":"NEW","size":92629},{"time":1396017475000,"hash":"50e2e055d8d1a71ce2c8d9bee20ef34","file":"\/static_content\/jquery.form.js","type":"NEW","size":22443},{"time":1396017475000,"hash":"3cd57176ec9ecc68313be9de54988","file":"\/static_content\/json2.js","type":"NEW","size":17529},{"time":1396017475000,"hash":"ba329397e13b03a2ea92f5b6b5bf544","file":"\/static_content\/json2.min.js","type":"NEW","size":3377},{"time":1396017475000,"hash":"9e80cfff3a53fa2c1a1dcabe4f7cfef","file":"\/static_content\/mpp-mask.jpg","type":"NEW","size":2685},{"time":1396017475000,"hash":"9fc6ab4e3777f3a198c482bfb6b3817a","file":"\/static_content\/ntp-logo-header.jpg","type":"NEW","size":10158},{"time":1396017475000,"hash":"3a735e731fde2958ad6ee9de4b4827f3","file":"\/static_content\/ntp-logo.jpg","type":"NEW","size":11989},{"time":1396017475000,"hash":"163573245f3d1d76dddb6429f5316e3","file":"\/static_content\/search.html","type":"NEW","size":2745},{"time":1396017475000,"hash":"e9c6a83d2df95ca7fafbbf2d01ce44e","file":"\/static_content\/stylesheet.css","type":"NEW","size":1006},{"time":1396017475000,"hash":"437512fd3ab2a3218b4e52eb6cba6","file":"\/static_content\/test1.html","type":"NEW","size":1290},{"time":1396017475000,"hash":"","file":"\/static_content\/unauthorized","type":"DIRECTORY","size":0},{"time":1396017475000,"hash":"397754ba49e9e0cf4e7c19da78dda5","file":"\/static_content\/unauthorized\/jquery-1.9.1.min.js","type":"NEW","size":92629},{"time":1396017475000,"hash":"50e2e055d8d1a71ce2c8d9bee20ef34","file":"\/static_content\/unauthorized\/jquery.form.js","type":"NEW","size":22443},{"time":1396017475000,"hash":"ba329397e13b03a2ea92f5b6b5bf544","file":"\/static_content\/unauthorized\/json2.min.js","type":"NEW","size":3377},{"time":1396017475000,"hash":"b2be7c1716e8bfe501dccc1f358ada0","file":"\/static_content\/unauthorized\/login.html","type":"NEW","size":1081},{"time":1396017475000,"hash":"921e61525688b8a4ab923caa07cd6","file":"\/static_content\/unauthorized\/login.js","type":"NEW","size":971},{"time":1396017475000,"hash":"33cd43ff8b9938e05375dddce4f233","file":"\/static_content\/unauthorized\/loginpage.css","type":"NEW","size":2586},{"time":1396017475000,"hash":"b85d2a81214cd9664540d5b53b3b59f5","file":"\/static_content\/unauthorized\/ntp-login.jpg","type":"NEW","size":12920},{"time":1396017475000,"hash":"fa88448549bea24812def53ac3daf2","file":"\/static_content\/unauthorized\/README","type":"NEW","size":94}],"urlRoot":"http:\/\/localhost:8000\/","version":1121}